{
    "R": {
        "U": {
            "1": {
                "count": 6730,
                "mean": 1.2991338295,
                "min": 1.000026947,
                "max": 3.054147185,
                "skew": 2.3376576439,
                "std": 0.3133357754
            },
            "2": {
                "count": 6260,
                "mean": 1.1868364601,
                "min": 1.000220466,
                "max": 1.963747397,
                "skew": 1.2733573841,
                "std": 0.1524241937
            },
            "3": {
                "count": 4344,
                "mean": 1.1913966365,
                "min": 1.000042021,
                "max": 2.346647101,
                "skew": 1.5552971696,
                "std": 0.165155589
            }
        },
        "D": {
            "1": {
                "count": 4968,
                "mean": 0.8664363526,
                "min": 0.604291189,
                "max": 0.999942451,
                "skew": -0.7448966129,
                "std": 0.1007388547
            },
            "2": {
                "count": 3783,
                "mean": 0.8945741705,
                "min": 0.603129133,
                "max": 0.999927083,
                "skew": -0.8711971294,
                "std": 0.0767376877
            },
            "3": {
                "count": 2401,
                "mean": 0.8548205648,
                "min": 0.603978944,
                "max": 0.999980804,
                "skew": -0.4106915673,
                "std": 0.0958220171
            }
        },
        "N": {
            "1": {
                "count": 667,
                "mean": 1.0012971084,
                "min": 0.678796403,
                "max": 1.31077616,
                "skew": 0.1448906231,
                "std": 0.0792629797
            },
            "2": {
                "count": 380,
                "mean": 1.0048780138,
                "min": 0.759884915,
                "max": 1.498001562,
                "skew": 1.4399918044,
                "std": 0.0824604453
            },
            "3": {
                "count": 243,
                "mean": 0.9871636481,
                "min": 0.802855494,
                "max": 1.13951998,
                "skew": -0.3015788765,
                "std": 0.0497862456
            }
        }
    },
    "duration": {
        "U": {
            "1": {
                "count": 89,
                "mean": 75.6179775281,
                "min": 14.0,
                "max": 296.0,
                "skew": 1.2839275114,
                "std": 55.6899912703
            },
            "2": {
                "count": 86,
                "mean": 72.7906976744,
                "min": 14.0,
                "max": 217.0,
                "skew": 0.9332791644,
                "std": 48.7319477959
            },
            "3": {
                "count": 71,
                "mean": 61.1830985915,
                "min": 14.0,
                "max": 200.0,
                "skew": 1.0166537309,
                "std": 41.3142347863
            }
        },
        "D": {
            "1": {
                "count": 88,
                "mean": 56.4545454545,
                "min": 14.0,
                "max": 279.0,
                "skew": 2.4916187275,
                "std": 40.1768816383
            },
            "2": {
                "count": 83,
                "mean": 45.578313253,
                "min": 14.0,
                "max": 151.0,
                "skew": 1.1605108955,
                "std": 29.7465392461
            },
            "3": {
                "count": 51,
                "mean": 47.0784313725,
                "min": 15.0,
                "max": 154.0,
                "skew": 1.3961592505,
                "std": 27.8502015341
            }
        },
        "N": {
            "1": {
                "count": 65,
                "mean": 10.4769230769,
                "min": 2.0,
                "max": 33.0,
                "skew": 1.3925801382,
                "std": 6.3789392053
            },
            "2": {
                "count": 38,
                "mean": 9.2894736842,
                "min": 1.0,
                "max": 54.0,
                "skew": 3.553675616,
                "std": 8.9470148872
            },
            "3": {
                "count": 20,
                "mean": 11.5,
                "min": 1.0,
                "max": 50.0,
                "skew": 2.6930120974,
                "std": 11.2460519388
            }
        }
    }
}