{
    "R": {
        "U": {
            "1": {
                "count": 9906,
                "mean": 1.3092040025,
                "min": 1.000026947,
                "max": 3.054147185,
                "skew": 2.2101645371,
                "std": 0.3068786404
            },
            "2": {
                "count": 9232,
                "mean": 1.2160210915,
                "min": 1.000220466,
                "max": 2.349222005,
                "skew": 1.4451295151,
                "std": 0.1830729385
            },
            "3": {
                "count": 6242,
                "mean": 1.2073438301,
                "min": 1.000042021,
                "max": 2.346647101,
                "skew": 1.6547256516,
                "std": 0.1836788729
            },
            "4": {
                "count": 3616,
                "mean": 1.1984627745,
                "min": 1.000114893,
                "max": 2.103877939,
                "skew": 1.3197854928,
                "std": 0.1567729159
            },
            "5": {
                "count": 1480,
                "mean": 1.1610248214,
                "min": 1.000059117,
                "max": 2.211182832,
                "skew": 2.715577763,
                "std": 0.1394776128
            },
            "6": {
                "count": 270,
                "mean": 1.209436613,
                "min": 1.000285102,
                "max": 1.812005449,
                "skew": 1.408669583,
                "std": 0.2126766286
            }
        },
        "D": {
            "1": {
                "count": 10328,
                "mean": 0.7450610433,
                "min": 0.109302485,
                "max": 0.999942451,
                "skew": -0.9597032097,
                "std": 0.2070709987
            },
            "2": {
                "count": 7014,
                "mean": 0.8229732836,
                "min": 0.140024079,
                "max": 0.999958506,
                "skew": -1.7611655405,
                "std": 0.1698626651
            },
            "3": {
                "count": 4128,
                "mean": 0.8320560142,
                "min": 0.149353345,
                "max": 0.999980804,
                "skew": -1.305241351,
                "std": 0.1270826889
            },
            "4": {
                "count": 1831,
                "mean": 0.8545750014,
                "min": 0.339385937,
                "max": 0.999999849,
                "skew": -1.3303117968,
                "std": 0.1118286887
            },
            "5": {
                "count": 365,
                "mean": 0.8195730729,
                "min": 0.502513129,
                "max": 0.998806845,
                "skew": -0.5209968646,
                "std": 0.1284735071
            },
            "6": {
                "count": 95,
                "mean": 0.8697876353,
                "min": 0.760292007,
                "max": 0.999029862,
                "skew": 0.1432735433,
                "std": 0.0629040474
            }
        },
        "N": {
            "1": {
                "count": 1120,
                "mean": 1.0177393161,
                "min": 0.608967111,
                "max": 2.763720849,
                "skew": 6.0630473131,
                "std": 0.158866013
            },
            "2": {
                "count": 769,
                "mean": 0.9995104776,
                "min": 0.759884915,
                "max": 1.498001562,
                "skew": 1.391440322,
                "std": 0.0777387274
            },
            "3": {
                "count": 442,
                "mean": 1.0004496633,
                "min": 0.802855494,
                "max": 1.455404627,
                "skew": 2.0523416099,
                "std": 0.0910789901
            },
            "4": {
                "count": 239,
                "mean": 0.992218725,
                "min": 0.854712888,
                "max": 1.274210565,
                "skew": 1.2535188335,
                "std": 0.064689668
            },
            "5": {
                "count": 94,
                "mean": 1.0029619541,
                "min": 0.913867407,
                "max": 1.131145097,
                "skew": 0.8186845455,
                "std": 0.0341435595
            },
            "6": {
                "count": 33,
                "mean": 0.9581823452,
                "min": 0.860154108,
                "max": 1.186696721,
                "skew": 1.4470958484,
                "std": 0.0619627833
            }
        }
    },
    "duration": {
        "U": {
            "1": {
                "count": 152,
                "mean": 65.1710526316,
                "min": 14.0,
                "max": 296.0,
                "skew": 1.5293691029,
                "std": 48.6638389641
            },
            "2": {
                "count": 141,
                "mean": 65.475177305,
                "min": 14.0,
                "max": 217.0,
                "skew": 1.093356057,
                "std": 44.8002840489
            },
            "3": {
                "count": 112,
                "mean": 55.7321428571,
                "min": 14.0,
                "max": 200.0,
                "skew": 1.1446255783,
                "std": 37.9663155928
            },
            "4": {
                "count": 71,
                "mean": 50.9295774648,
                "min": 15.0,
                "max": 162.0,
                "skew": 1.2985007955,
                "std": 28.2348942894
            },
            "5": {
                "count": 32,
                "mean": 46.25,
                "min": 14.0,
                "max": 126.0,
                "skew": 1.2316112099,
                "std": 25.1229236022
            },
            "6": {
                "count": 8,
                "mean": 33.75,
                "min": 14.0,
                "max": 68.0,
                "skew": 0.8822587334,
                "std": 17.9344042874
            }
        },
        "D": {
            "1": {
                "count": 152,
                "mean": 67.9473684211,
                "min": 14.0,
                "max": 377.0,
                "skew": 2.2968170482,
                "std": 57.62907074
            },
            "2": {
                "count": 138,
                "mean": 50.8260869565,
                "min": 14.0,
                "max": 302.0,
                "skew": 2.9581365894,
                "std": 42.5814655961
            },
            "3": {
                "count": 91,
                "mean": 45.3626373626,
                "min": 14.0,
                "max": 154.0,
                "skew": 1.3372600192,
                "std": 25.6144561976
            },
            "4": {
                "count": 49,
                "mean": 37.3673469388,
                "min": 15.0,
                "max": 98.0,
                "skew": 1.0997245177,
                "std": 19.5423619751
            },
            "5": {
                "count": 13,
                "mean": 28.0769230769,
                "min": 19.0,
                "max": 45.0,
                "skew": 0.8863764379,
                "std": 8.2002188839
            },
            "6": {
                "count": 3,
                "mean": 31.6666666667,
                "min": 20.0,
                "max": 54.0,
                "skew": 1.7268468498,
                "std": 19.3476958146
            }
        },
        "N": {
            "1": {
                "count": 110,
                "mean": 10.3272727273,
                "min": 1.0,
                "max": 33.0,
                "skew": 1.2806965074,
                "std": 6.1660644087
            },
            "2": {
                "count": 68,
                "mean": 11.2647058824,
                "min": 1.0,
                "max": 72.0,
                "skew": 3.5559334872,
                "std": 11.4574067122
            },
            "3": {
                "count": 35,