{
    "R": {
        "U": {
            "1": {
                "count": 10509,
                "mean": 1.3129750455,
                "min": 1.000026947,
                "max": 3.054147185,
                "skew": 2.1722961005,
                "std": 0.3049628078
            },
            "2": {
                "count": 9496,
                "mean": 1.2146017242,
                "min": 1.000220334,
                "max": 2.349222005,
                "skew": 1.4484248037,
                "std": 0.1821275276
            },
            "3": {
                "count": 6408,
                "mean": 1.2083524726,
                "min": 1.000042021,
                "max": 2.346647101,
                "skew": 1.6179169767,
                "std": 0.1844991868
            },
            "4": {
                "count": 3638,
                "mean": 1.1976523669,
                "min": 1.000114893,
                "max": 2.103877939,
                "skew": 1.3262629408,
                "std": 0.1566522195
            },
            "5": {
                "count": 1500,
                "mean": 1.159514835,
                "min": 1.000059117,
                "max": 2.211182832,
                "skew": 2.7206012633,
                "std": 0.1391835942
            },
            "6": {
                "count": 270,
                "mean": 1.209436613,
                "min": 1.000285102,
                "max": 1.812005449,
                "skew": 1.408669583,
                "std": 0.2126766286
            },
            "7": {
                "count": 111,
                "mean": 1.132741254,
                "min": 1.003093951,
                "max": 1.25798842,
                "skew": -0.0241817852,
                "std": 0.0710701088
            },
            "8": {
                "count": 53,
                "mean": 1.1260204498,
                "min": 1.004491254,
                "max": 1.250644509,
                "skew": 0.0116057488,
                "std": 0.0583214815
            },
            "9": {
                "count": 24,
                "mean": 1.0657075703,
                "min": 1.007758927,
                "max": 1.118979249,
                "skew": 0.2085233401,
                "std": 0.0304914825
            }
        },
        "D": {
            "1": {
                "count": 12695,
                "mean": 0.6592448893,
                "min": -0.010070404,
                "max": 0.999942451,
                "skew": -0.9247278406,
                "std": 0.2917697406
            },
            "2": {
                "count": 7621,
                "mean": 0.8027994697,
                "min": 0.077366261,
                "max": 0.999958506,
                "skew": -1.8534029354,
                "std": 0.2013527972
            },
            "3": {
                "count": 4453,
                "mean": 0.8146617404,
                "min": 0.059051442,
                "max": 0.999980804,
                "skew": -1.9339196412,
                "std": 0.1621508308
            },
            "4": {
                "count": 1966,
                "mean": 0.8564355904,
                "min": 0.339385937,
                "max": 0.999999849,
                "skew": -1.3074373472,
                "std": 0.1106731537
            },
            "5": {
                "count": 497,
                "mean": 0.6300376469,
                "min": -0.003334882,
                "max": 0.998806845,
                "skew": -0.9428710684,
                "std": 0.3613938131
            },
            "6": {
                "count": 95,
                "mean": 0.8697876353,
                "min": 0.760292007,
                "max": 0.999029862,
                "skew": 0.1432735433,
                "std": 0.0629040474
            },
            "7": {
                "count": 17,
                "mean": 0.7609986462,
                "min": 0.691041357,
                "max": 0.962716703,
                "skew": 1.3377167563,
                "std": 0.0813240566
            }
        },
        "N": {
            "1": {
                "count": 1183,
                "mean": 1.0199794809,
                "min": 0.608967111,
                "max": 2.763720849,
                "skew": 5.9458649336,
                "std": 0.1570054913
            },
            "2": {
                "count": 803,
                "mean": 0.9995285821,
                "min": 0.759884915,
                "max": 1.498001562,
                "skew": 1.3415014684,
                "std": 0.078230009
            },
            "3": {
                "count": 528,
                "mean": 1.0012815937,
                "min": 0.802855494,
                "max": 1.455404627,
                "skew": 2.1373622249,
                "std": 0.0845535138
            },
            "4": {
                "count": 247,
                "mean": 0.9911178235,
                "min": 0.854712888,
                "max": 1.274210565,
                "skew": 1.2909320607,
                "std": 0.0640376556
            },
            "5": {
                "count": 94,
                "mean": 1.0029619541,
                "min": 0.913867407,
                "max": 1.131145097,
                "skew": 0.8186845455,
                "std": 0.0341435595
            },
            "6": {
                "count": 33,
                "mean": 0.9581823452,
                "min": 0.860154108,
                "max": 1.186696721,
                "skew": 1.4470958484,
                "std": 0.0619627833
            }
        }
    },
    "duration": {
        "U": {
            "1": {
                "count": 162,
                "mean": 64.8703703704,
                "min": 14.0,
                "max": 296.0,
                "skew": 1.5296762926,
                "std": 47.9919945303
            },
            "2": {
                "count": 148,
                "mean": 64.1621621622,
                "min": 14.0,
                "max": 217.0,
                "skew": 1.1344746487,
                "std": 44.3735004045
            },
            "3": {
                "count": 116,
                "mean": 55.2413793103,
                "min": 14.0,
                "max": 200.0,
                "skew": 1.1799607456,
                "std": 37.4805736789
            },
            "4": {
                "count": 72,
                "mean": 50.5277777778,
                "min": 15.0,
                "max": 162.0,
                "skew": 1.3070774886,
                "std": 28.241898862
            },
            "5": {
                "count": 33,
                "mean": 45.4545454545,
                "min": 14.0,
                "max": 126.0,
                "skew": 1.2506663835,
                "std": 25.1459376802
            },
            "6": {
                "count": 8,
                "mean": 33.75,
                "min": 14.0,
                "max": 68.0,
                "skew": 0.8822587334,
                "std": 17.9344042874
            },
            "7": {
                "count": 3,
                "mean": 37.0,
                "min": 14.0,
                "max": 63.0,
                "skew": 0.5398236606,
                "std": 24.6373699895
            },
            "8": {
                "count": 1,
                "mean": 53.0,
                "min": 53.0,
                "max": 53.0,
                "skew": null,
                "std": null
            },
            "9": {
                "count": 1,
                "mean": 24.0,
                "min": 24.0,
                "max": 24.0,
                "skew": null,
                "std": null
            }
        },
        "D": {
            "1": {
                "count": 166,
                "mean": 76.4759036145,
                "min": 14.0,
                "max": 399.0,
                "skew": 2.3161006757,
                "std": 71.311242839
            },
            "2": {
                "count": 147,
                "mean": 51.843537415,