{
    "R": {
        "U": {
            "1": {
                "count": 6884,
                "mean": 1.3200211899,
                "min": 1.000026947,
                "max": 4.829545424,
                "skew": 2.9503492339,
                "std": 0.367237448
            },
            "2": {
                "count": 6480,
                "mean": 1.1886926519,
                "min": 1.000220466,
                "max": 1.963747397,
                "skew": 1.2764757628,
                "std": 0.1538471267
            },
            "3": {
                "count": 4657,
                "mean": 1.1887690641,
                "min": 1.000042021,
                "max": 2.346647101,
                "skew": 1.565847186,
                "std": 0.1628384637
            },
            "4": {
                "count": 2172,
                "mean": 1.1911499367,
                "min": 1.000114893,
                "max": 1.860164249,
                "skew": 1.286991361,
                "std": 0.1502326867
            },
            "5": {
                "count": 1086,
                "mean": 1.1486485363,
                "min": 1.001733164,
                "max": 1.410134568,
                "skew": 0.4415028565,
                "std": 0.0978862711
            },
            "6": {
                "count": 123,
                "mean": 1.0994696167,
                "min": 1.002880264,
                "max": 1.442746363,
                "skew": 1.9382392279,
                "std": 0.0946455233
            },
            "7": {
                "count": 91,
                "mean": 1.1812500381,
                "min": 1.01730124,
                "max": 1.604566151,
                "skew": 1.3930913224,
                "std": 0.1267885058
            }
        },
        "D": {
            "1": {
                "count": 5193,
                "mean": 0.8641074754,
                "min": 0.604291189,
                "max": 0.999942451,
                "skew": -0.7059805984,
                "std": 0.1018501053
            },
            "2": {
                "count": 3888,
                "mean": 0.8955112788,
                "min": 0.603129133,
                "max": 0.999927083,
                "skew": -0.8924424356,
                "std": 0.0762325526
            },
            "3": {
                "count": 2563,
                "mean": 0.8558308533,
                "min": 0.603978944,
                "max": 0.999980804,
                "skew": -0.4130394564,
                "std": 0.0946349566
            },
            "4": {
                "count": 969,
                "mean": 0.8793449676,
                "min": 0.678057748,
                "max": 0.999999849,
                "skew": -0.4974556277,
                "std": 0.0815302519
            },
            "5": {
                "count": 162,
                "mean": 0.8833801417,
                "min": 0.634019209,
                "max": 0.998806845,
                "skew": -1.2413840663,
                "std": 0.0878967096
            }
        },
        "N": {
            "1": {
                "count": 689,
                "mean": 1.0008620562,
                "min": 0.678796403,
                "max": 1.31077616,
                "skew": 0.1321844269,
                "std": 0.0789193747
            },
            "2": {
                "count": 423,
                "mean": 1.0046849052,
                "min": 0.759884915,
                "max": 1.498001562,
                "skew": 1.4331209063,
                "std": 0.0798436638
            },
            "3": {
                "count": 272,
                "mean": 0.9826490008,
                "min": 0.802855494,
                "max": 1.13951998,
                "skew": -0.3007564637,
                "std": 0.0512610349
            },
            "4": {
                "count": 123,
                "mean": 0.9906414907,
                "min": 0.874279805,
                "max": 1.067298115,
                "skew": -0.7051333764,
                "std": 0.0391889757
            },
            "5": {
                "count": 72,
                "mean": 0.9997273651,
                "min": 0.931186594,
                "max": 1.070105533,
                "skew": 0.7754701667,
                "std": 0.0258311846
            },
            "6": {
                "count": 12,
                "mean": 0.9396110887,
                "min": 0.903731028,
                "max": 0.989538451,
                "skew": 0.3074573643,
                "std": 0.0294253753
            }
        }
    },
    "duration": {
        "U": {
            "1": {
                "count": 93,
                "mean": 74.0215053763,
                "min": 14.0,
                "max": 296.0,
                "skew": 1.3494982207,
                "std": 54.9912994096
            },
            "2": {
                "count": 90,
                "mean": 72.0,
                "min": 14.0,
                "max": 217.0,
                "skew": 0.9338671473,
                "std": 48.5962499131
            },
            "3": {
                "count": 75,
                "mean": 62.0933333333,
                "min": 14.0,
                "max": 200.0,
                "skew": 0.993516692,
                "std": 42.4780303576
            },
            "4": {
                "count": 43,
                "mean": 50.511627907,
                "min": 14.0,
                "max": 132.0,
                "skew": 0.8713640117,
                "std": 27.2006408302
            },
            "5": {
                "count": 19,
                "mean": 57.1578947368,
                "min": 19.0,
                "max": 126.0,
                "skew": 1.088628871,
                "std": 25.2086033768
            },
            "6": {
                "count": 4,
                "mean": 30.75,
                "min": 14.0,
                "max": 47.0,
                "skew": -0.0078255122,
                "std": 18.2094297915
            },
            "7": {
                "count": 2,
                "mean": 45.5,
                "min": 28.0,
                "max": 63.0,
                "skew": null,
                "std": 24.7487373415
            }
        },
        "D": {
            "1": {
                "count": 92,
                "mean": 56.4456521739,
                "min": 14.0,
                "max": 279.0,
                "skew": 2.5026201058,
                "std": 39.5080640344
            },
            "2": {
                "count": 87,
                "mean": 44.6896551724,
                "min": 14.0,
                "max": 151.0,
                "skew": 1.2080653072,
                "std": 29.4374821759
            },
            "3": {
                "count": 55,
                "mean": 46.6,
                "min": 14.0,
                "max": 154.0,
                "skew": 1.3887946172,
                "std": 27.3533801825
            },
            "4": {
                "count": 27,
                "mean": 35.8888888889,
                "min": 16.0,
                "max": 82.0,
                "skew": 0.9994683069,
                "std": 18.6966334554
            },
            "5": {
                "count": 6,
                "mean": 27.0,
                "min": 21.0,
                "max": 35.0,
                "skew": 0.6357207603,
                "std": 5.1768716422
            }
        },
        "N": {
            "1": {
                "count": 70,
                "mean": 10.1571428571,
                "min": 2.0,
                "max": 33.0,
                "skew": 1.3868926363,
                "std": 6.4821621779
            },
            "2": {
                "count": 44,
                "mean": 9.6136363636,
                "min": 1.0,
                "max": 54.0,
                "skew": 3.4351812713,
                "std": 8.5241542146
            },
            "3": {
                "count": 23,
                "mean": 10.8695652174,
                "min": 1.0,