{
    "R": {
        "U": {
            "1": {
                "count": 6730,
                "mean": 1.2991338295,
                "min": 1.000026947,
                "max": 3.054147185,
                "skew": 2.3376576439,
                "std": 0.3133357754
            },
            "2": {
                "count": 6260,
                "mean": 1.1868364601,
                "min": 1.000220466,
                "max": 1.963747397,
                "skew": 1.2733573841,
                "std": 0.1524241937
            },
            "3": {
                "count": 4344,
                "mean": 1.1913966365,
                "min": 1.000042021,
                "max": 2.346647101,
                "skew": 1.5552971696,
                "std": 0.165155589
            },
            "4": {
                "count": 2079,
                "mean": 1.1950831664,
                "min": 1.000114893,
                "max": 1.860164249,
                "skew": 1.2480346258,
                "std": 0.1517486913
            }
        },
        "D": {
            "1": {
                "count": 4968,
                "mean": 0.8664363526,
                "min": 0.604291189,
                "max": 0.999942451,
                "skew": -0.7448966129,
                "std": 0.1007388547
            },
            "2": {
                "count": 3783,
                "mean": 0.8945741705,
                "min": 0.603129133,
                "max": 0.999927083,
                "skew": -0.8711971294,
                "std": 0.0767376877
            },
            "3": {
                "count": 2401,
                "mean": 0.8548205648,
                "min": 0.603978944,
                "max": 0.999980804,
                "skew": -0.4106915673,
                "std": 0.0958220171
            },
            "4": {
                "count": 879,
                "mean": 0.8759704038,
                "min": 0.678057748,
                "max": 0.999999849,
                "skew": -0.4564455735,
                "std": 0.0829936361
            }
        },
        "N": {
            "1": {
                "count": 667,
                "mean": 1.0012971084,
                "min": 0.678796403,
                "max": 1.31077616,
                "skew": 0.1448906231,
                "std": 0.0792629797
            },
            "2": {
                "count": 380,
                "mean": 1.0048780138,
                "min": 0.759884915,
                "max": 1.498001562,
                "skew": 1.4399918044,
                "std": 0.0824604453
            },
            "3": {
                "count": 243,
                "mean": 0.9871636481,
                "min": 0.802855494,
                "max": 1.13951998,
                "skew": -0.3015788765,
                "std": 0.0497862456
            },
            "4": {
                "count": 112,
                "mean": 0.9904603534,
                "min": 0.874279805,
                "max": 1.067298115,
                "skew": -0.671981954,
                "std": 0.0408204249
            }
        }
    },
    "duration": {
        "U": {
            "1": {
                "count": 89,
                "mean": 75.6179775281,
                "min": 14.0,
                "max": 296.0,
                "skew": 1.2839275114,
                "std": 55.6899912703
            },
            "2": {
                "count": 86,
                "mean": 72.7906976744,
                "min": 14.0,
                "max": 217.0,
                "skew": 0.9332791644,
                "std": 48.7319477959
            },
            "3": {
                "count": 71,
                "mean": 61.1830985915,
                "min": 14.0,
                "max": 200.0,
                "skew": 1.0166537309,
                "std": 41.3142347863
            },
            "4": {
                "count": 40,
                "mean": 51.975,
                "min": 15.0,
                "max": 132.0,
                "skew": 0.9187469959,
                "std": 26.9419960999
            }
        },
        "D": {
            "1": {
                "count": 88,
                "mean": 56.4545454545,
                "min": 14.0,
                "max": 279.0,
                "skew": 2.4916187275,
                "std": 40.1768816383
            },
            "2": {
                "count": 83,
                "mean": 45.578313253,
                "min": 14.0,
                "max": 151.0,
                "skew": 1.1605108955,
                "std": 29.7465392461
            },
            "3": {
                "count": 51,
                "mean": 47.0784313725,
                "min": 15.0,
                "max": 154.0,
                "skew": 1.3961592505,
                "std": 27.8502015341
            },
            "4": {
                "count": 24,
                "mean": 36.625,
                "min": 16.0,
                "max": 82.0,
                "skew": 0.9704763291,
                "std": 19.2417401816
            }
        },
        "N": {
            "1": {
                "count": 66,
                "mean": 10.3484848485,
                "min": 2.0,
                "max": 33.0,
                "skew": 1.3727890334,
                "std": 6.4151081872
            },
            "2": {
                "count": 40,
                "mean": 9.2,
                "min": 1.0,
                "max": 54.0,
                "skew": 3.6092291809,
                "std": 8.7594637466
            },
            "3": {
                "count": 19,
                "mean": 11.8421052632,
                "min": 1.0,
                "max": 50.0,
                "skew": 2.6226602474,
                "std": 11.4468004161
            },
            "4": {
                "count": 9,
                "mean": 12.4444444444,
                "min": 2.0,
                "max": 26.0,
                "skew": 0.5043466291,
                "std": 9.2885831954
            }
        }
    }
}