{
    "R": {
        "U": {
            "1": {
                "count": 7917,
                "mean": 1.3286092101,
                "min": 1.000026947,
                "max": 4.829545424,
                "skew": 2.8504143156,
                "std": 0.3682205619
            },
            "2": {
                "count": 7506,
                "mean": 1.2060235919,
                "min": 1.000220466,
                "max": 2.211981787,
                "skew": 1.4854830797,
                "std": 0.1750897108
            },
            "3": {
                "count": 5357,
                "mean": 1.2005055123,
                "min": 1.000042021,
                "max": 2.346647101,
                "skew": 1.7342457089,
                "std": 0.1783909724
            },
            "4": {
                "count": 2837,
                "mean": 1.1928418012,
                "min": 1.000114893,
                "max": 2.103877939,
                "skew": 1.5399101983,
                "std": 0.1562767223
            },
            "5": {
                "count": 1256,
                "mean": 1.1512903948,
                "min": 1.000059117,
                "max": 1.479493918,
                "skew": 0.4966631736,
                "std": 0.1025651747
            },
            "6": {
                "count": 220,
                "mean": 1.1124211985,
                "min": 1.001926015,
                "max": 1.707883024,
                "skew": 2.7824354978,
                "std": 0.1354254088
            },
            "7": {
                "count": 105,
                "mean": 1.1695456565,
                "min": 1.003093951,
                "max": 1.604566151,
                "skew": 1.483882054,
                "std": 0.1234029397
            },
            "8": {
                "count": 53,
                "mean": 1.1260204498,
                "min": 1.004491254,
                "max": 1.250644509,
                "skew": 0.0116057488,
                "std": 0.0583214815
            },
            "9": {
                "count": 24,
                "mean": 1.0657075703,
                "min": 1.007758927,
                "max": 1.118979249,
                "skew": 0.2085233401,
                "std": 0.0304914825
            }
        },
        "D": {
            "1": {
                "count": 6468,
                "mean": 0.8456351011,
                "min": 0.506559077,
                "max": 0.999942451,
                "skew": -0.5939623477,
                "std": 0.1115884693
            },
            "2": {
                "count": 4747,
                "mean": 0.8812588251,
                "min": 0.504745062,
                "max": 0.999958506,
                "skew": -1.1265077366,
                "std": 0.09130809
            },
            "3": {
                "count": 3190,
                "mean": 0.8494908283,
                "min": 0.540585851,
                "max": 0.999980804,
                "skew": -0.4537020697,
                "std": 0.0997215285
            },
            "4": {
                "count": 1198,
                "mean": 0.8782525485,
                "min": 0.675722726,
                "max": 0.999999849,
                "skew": -0.48959145,
                "std": 0.08097077
            },
            "5": {
                "count": 219,
                "mean": 0.8579037971,
                "min": 0.524805443,
                "max": 0.998806845,
                "skew": -1.1604015239,
                "std": 0.1246033532
            },
            "6": {
                "count": 54,
                "mean": 0.8650171315,
                "min": 0.774081896,
                "max": 0.980552791,
                "skew": 0.0938929223,
                "std": 0.054110798
            }
        },
        "N": {
            "1": {
                "count": 838,
                "mean": 1.0194909101,
                "min": 0.678796403,
                "max": 2.763720849,
                "skew": 6.7018608724,
                "std": 0.1689596081
            },
            "2": {
                "count": 498,
                "mean": 1.0052361942,
                "min": 0.759884915,
                "max": 1.498001562,
                "skew": 1.6042568484,
                "std": 0.0845718083
            },
            "3": {
                "count": 304,
                "mean": 0.985960054,
                "min": 0.802855494,
                "max": 1.13951998,
                "skew": -0.2345109356,
                "std": 0.0515703817
            },
            "4": {
                "count": 163,
                "mean": 0.9849976948,
                "min": 0.864760366,
                "max": 1.067298115,
                "skew": -0.7020482646,
                "std": 0.0397848077
            },
            "5": {
                "count": 77,
                "mean": 0.9981517711,
                "min": 0.931186594,
                "max": 1.070105533,
                "skew": 0.8101317412,
                "std": 0.0258811442
            },
            "6": {
                "count": 12,
                "mean": 0.9396110887,
                "min": 0.903731028,
                "max": 0.989538451,
                "skew": 0.3074573643,
                "std": 0.0294253753
            }
        }
    },
    "duration": {
        "U": {
            "1": {
                "count": 112,
                "mean": 70.6875,
                "min": 14.0,
                "max": 296.0,
                "skew": 1.4528351801,
                "std": 52.0516083559
            },
            "2": {
                "count": 107,
                "mean": 70.1495327103,
                "min": 14.0,
                "max": 217.0,
                "skew": 0.9296340119,
                "std": 47.9130115345
            },
            "3": {
                "count": 91,
                "mean": 58.8681318681,
                "min": 14.0,
                "max": 200.0,
                "skew": 1.1316024718,
                "std": 40.3540466899
            },
            "4": {
                "count": 54,
                "mean": 52.537037037,
                "min": 14.0,
                "max": 162.0,
                "skew": 1.3000958163,
                "std": 29.9002826786
            },
            "5": {
                "count": 23,
                "mean": 54.6086956522,
                "min": 14.0,
                "max": 126.0,
                "skew": 0.8509044323,
                "std": 26.9068074023
            },
            "6": {
                "count": 7,
                "mean": 31.4285714286,
                "min": 14.0,
                "max": 47.0,
                "skew": -0.2182081387,
                "std": 14.1050480663
            },
            "7": {
                "count": 3,
                "mean": 35.0,
                "min": 14.0,
                "max": 63.0,
                "skew": 1.1520696383,
                "std": 25.2388589282
            },
            "8": {
                "count": 1,
                "mean": 53.0,
                "min": 53.0,
                "max": 53.0,
                "skew": null,
                "std": null
            },
            "9": {
                "count": 1,
                "mean": 24.0,
                "min": 24.0,
                "max": 24.0,
                "skew": null,
                "std": null
            }
        },
        "D": {
            "1": {
                "count": 111,
                "mean": 58.2702702703,
                "min": 14.0,
                "max": 279.0,
                "skew": 2.2896918756,
                "std": 40.7912526153
            },
            "2": {
                "count": 105,
                "mean": 45.2095238095,
                "min": 14.0,
                "max": 151.0,
                "skew": 1.2592356095,
                "std": 30.0473009277
            },
            "3": {
                "count": 68,
                "mean": 46.9117647059,